cell_type,model,gene,baseMean,log2FoldChange,lfcSE,pvalue,padj
Astrocyte,base,CES3,18.731613231794586,0.6702848157425951,0.1697186323843991,4.238362551570745e-6,0.07390856617429066
Endothelial,base,HIVEP3,12.517442073344561,0.6646324122978198,0.19402863785819718,1.788963292361392e-5,0.052040942174792895
L4_IT,base,MRVI1,83.19106926340346,0.6668011213781264,0.1707139590402576,2.4951720576641382e-6,0.05922540396071598
L4_IT,base,ZNF732,106.36282618514721,0.8164884206878653,0.2354287371061557,7.812985625151286e-6,0.09272451339929547
L6_CT,base,AC079793.1,82.69955514734221,0.8279317850628728,0.21354950796324873,3.5216892449609348e-6,0.05801630862148644
Pvalb,base,GPC6,13198.351208127064,-0.3834261191779879,0.10653055229533534,1.0708788619494389e-5,0.019147314051655966
Pvalb,base,GALNTL6,16415.433296463747,-0.3755765101447286,0.12349802245435954,8.110568666303927e-5,0.03385658315473786
Pvalb,base,MARCH1,4315.032776586569,-0.5030440194465463,0.18653200798026875,1.556272421170779e-4,0.04637691815088922
Pvalb,base,ROBO1,10195.71867908121,-0.25699776070024616,0.1001986068336104,3.6758666645660853e-4,0.07216200525712935
Pvalb,base,CHRM2,2281.903266417856,-0.31992431886587197,0.13474469550385176,5.027635005970568e-4,0.07216200525712935
Pvalb,base,BRINP3,2239.423405449559,-0.28171343745780125,0.13532401789636375,8.949884427440479e-4,0.07243837291131082
Pvalb,base,CHRM3,1989.241474355141,-0.2513441591951892,0.11063746462223498,7.491882309363136e-4,0.07243837291131082
Pvalb,base,TRPM3,6362.282510861022,-0.3539068879035712,0.1795972664420136,0.0011654071047888363,0.07307000893600331
Pvalb,base,ZNF804B,3704.0754540489193,-0.28178634687433146,0.1569308153823281,0.0015068887869159626,0.08419741096892941
Sncg,base,FAM227B,28.64486960311654,0.5354697482971279,0.14054503349130748,4.465674802371733e-6,0.06096092672717653
Sncg,base,AP003066.1,18.448605155662513,-0.6631407501003264,0.18087186798805202,1.0247658204133175e-5,0.06994539107231099
VLMC,base,VEGFA,11.89905610449335,-1.002137103318783,0.22455357352635533,7.026437731243058e-7,0.003909509953663638
L2_3_IT,adjusted,AL159169.3,33.946714828800154,0.5983490753881504,0.13130878127826456,2.1284942103283523e-7,0.005186288992886063
L2_3_IT,adjusted,C1QTNF7,322.4248545245065,1.7363045692289907,0.4236208384276538,1.1727165018800527e-6,0.01428720514240468
L2_3_IT,adjusted,LINC02426,133.68360834025918,1.3466393576213063,0.3670252417948625,5.079494983015832e-6,0.041255658252054586
L2_3_IT,adjusted,AC004461.2,72.25046139949364,-0.4896674069418737,0.13652095805022932,9.329471449293079e-6,0.05683047533336879
L2_3_IT,adjusted,TEX48,227.2365310727559,1.1649093775075006,0.34794664606500036,1.909536068154935e-5,0.06243784946504929
L2_3_IT,adjusted,LYVE1,55.24557932928283,0.8776641080866372,0.2527800228734568,2.177298159775996e-5,0.06243784946504929
L2_3_IT,adjusted,AC025580.2,293.68356615158933,0.6482528331376479,0.19212360897086228,2.3062490568228005e-5,0.06243784946504929
L2_3_IT,adjusted,HSD17B1,149.15252807196867,0.5495087174627892,0.1521855386426071,1.6209275731953637e-5,0.06243784946504929
L2_3_IT,adjusted,BAIAP2L2,425.7623836151482,0.2976357404524013,0.08295860481499713,1.8377951168205675e-5,0.06243784946504929
L2_3_IT,adjusted,LINC01280,82.85297250171735,1.7451787647466213,0.5679924282156025,2.6938176060069398e-5,0.0656375597879651
L2_3_IT,adjusted,ALDOB,180.8883614442924,1.2422635441360117,0.4082906579835186,3.0321399157484412e-5,0.06716465562466047
L2_3_IT,adjusted,AC008691.1,1848.0799322175483,-0.49642765783574117,0.15246515383840112,3.8804890644686925e-5,0.069485471758772
L2_3_IT,adjusted,CAV2,631.6677277277178,0.5204737466833661,0.157754079590533,4.129053374154164e-5,0.069485471758772
L2_3_IT,adjusted,AL591543.1,39.51214394240944,1.334106139189374,0.4818139760985925,4.277608455969711e-5,0.069485471758772
L2_3_IT,adjusted,FPR3,48.432512356007855,1.2925986785803503,0.4081792267847058,4.093349475610396e-5,0.069485471758772
L2_3_IT,adjusted,CARS-AS1,38.365523058216105,1.115045506611829,0.3677274076413171,5.812591591313845e-5,0.08345128777953334
L2_3_IT,adjusted,TCN1,16.564796168352327,1.156776792055919,0.3884313252255759,5.822342166346823e-5,0.08345128777953334
L2_3_IT,adjusted,LINC00824,217.38851653636357,0.7232549163426499,0.22606341337992228,6.316165016456547e-5,0.0847813995680252
L2_3_IT,adjusted,MRVI1,92.38251829870934,0.5510153674269785,0.18205826776073078,7.079863466295306e-5,0.0847813995680252
L2_3_IT,adjusted,PIGBOS1,249.4459764313339,0.34679890857994394,0.11061690410773907,7.306941602760114e-5,0.0847813995680252
L2_3_IT,adjusted,ACSM1,86.33462274010563,0.6194471015961233,0.20075963199087013,6.997609570253033e-5,0.0847813995680252
L2_3_IT,adjusted,GBP2,44.85274495445247,1.0483913640175178,0.36377724664464195,9.500864200391528e-5,0.08776927194856017
L2_3_IT,adjusted,GYPB,259.72815730262255,0.9736715177026526,0.33750392649673827,8.755799151306579e-5,0.08776927194856017
L2_3_IT,adjusted,CTHRC1,120.1125693353184,0.865563665043847,0.31093420568295244,9.169507295554914e-5,0.08776927194856017
L2_3_IT,adjusted,ACTA2,294.82535769390347,0.8111243447000398,0.27643002932943855,8.631150882667838e-5,0.08776927194856017
L2_3_IT,adjusted,AC008758.2,91.61507465673898,0.7252872460748178,0.24715753741862462,9.72572577612708e-5,0.08776927194856017
L2_3_IT,adjusted,CELA2B,166.629502408838,0.7789024990168418,0.3061411518633109,3.074823402285059e-4,0.09251524884326515
L2_3_IT,adjusted,AL031985.4,230.31357745319852,0.9428932357931874,0.34966341482713087,1.4453175838850633e-4,0.09251524884326515
L2_3_IT,adjusted,ZFP69,172.23916758430818,0.39602182686998155,0.1603761002096306,4.229728053117029e-4,0.09251524884326515
L2_3_IT,adjusted,AC103591.4,33.8794417671357,0.9977603709750413,0.38476628124066015,1.9981454342328647e-4,0.09251524884326515
L2_3_IT,adjusted,GBP7,22.878667918761106,0.8869287513565489,0.32022676495806285,1.4751562817606737e-4,0.09251524884326515
L2_3_IT,adjusted,AC092802.2,64.25075281858754,0.9771984790204035,0.3860377322016327,3.081094970491563e-4,0.09251524884326515
L2_3_IT,adjusted,SLC16A4,457.0568941878625,0.3548727088241791,0.14709044106448968,5.375456486997246e-4,0.09251524884326515
L2_3_IT,adjusted,AP4B1-AS1,215.32094447741437,0.5074617094474319,0.20737551980521876,4.426254356455993e-4,0.09251524884326515
L2_3_IT,adjusted,AL450992.2,213.5400765507837,0.6393029850181094,0.30475397556301936,6.910356763307172e-4,0.09251524884326515
L2_3_IT,adjusted,AL360091.3,273.55472766413646,0.4181036213622748,0.1792198427091748,4.944727778455069e-4,0.09251524884326515
L2_3_IT,adjusted,KRTCAP3,42.127563781759164,0.5509917391240629,0.20979780628845895,2.5805570182350484e-4,0.09251524884326515
L2_3_IT,adjusted,GALM,527.9058080717207,0.4666172145260552,0.18719520909518927,3.925065474663143e-4,0.09251524884326515
L2_3_IT,adjusted,HAAO,224.88826812988415,0.5632960508718314,0.2433607080623218,3.993052061991896e-4,0.09251524884326515
L2_3_IT,adjusted,AC018682.1,143.4094970452748,0.9120112707365309,0.4012583462373731,3.0510978796432803e-4,0.09251524884326515
L2_3_IT,adjusted,C2orf74,1529.7849937400165,-0.31546530597522454,0.11582282022204615,2.0778776837057013e-4,0.09251524884326515
L2_3_IT,adjusted,ANKRD53,133.12180686685153,0.9204245312790647,0.39568970795273795,4.3043436089014274e-4,0.09251524884326515
L2_3_IT,adjusted,MERTK,650.076818920669,0.4169375555937339,0.1805366347291524,6.084414485384343e-4,0.09251524884326515
L2_3_IT,adjusted,MAP3K20-AS1,61.102822728171184,0.6309639320807928,0.27199548974348453,4.148191854787957e-4,0.09251524884326515
L2_3_IT,adjusted,LANCL1-AS1,498.27715649975505,0.7424376419889291,0.32998568072286727,4.346399993991053e-4,0.09251524884326515
L2_3_IT,adjusted,CXCR2,30.628185939900444,-0.36524891450095687,0.16059508202253353,5.531785449340897e-4,0.09251524884326515
L2_3_IT,adjusted,CAV3,506.25888380013885,0.8270699867320693,0.3865956693366364,6.686277743996815e-4,0.09251524884326515
L2_3_IT,adjusted,PRKAR2A-AS1,53.18865973485327,0.4150337129346601,0.18349595467935148,6.850003139644205e-4,0.09251524884326515
L2_3_IT,adjusted,ASB14,89.41697985568828,0.7555825043873933,0.3580588833535546,6.293779589611338e-4,0.09251524884326515
L2_3_IT,adjusted,AC021660.2,17.233902385634348,0.997714366879427,0.3657514127338985,1.3267331524406065e-4,0.09251524884326515
L2_3_IT,adjusted,AC074044.1,92.60212287805118,0.7044002068147527,0.26848641316073907,2.5839402872396066e-4,0.09251524884326515
L2_3_IT,adjusted,UPK1B,90.65728492032933,0.8531251303699043,0.3363261584377148,2.854396303069973e-4,0.09251524884326515
L2_3_IT,adjusted,COL6A6,241.22871620111573,0.6900726261788507,0.2988307801175138,5.198312732515554e-4,0.09251524884326515
L2_3_IT,adjusted,P2RY14,2083.6251121084592,0.8527026694455477,0.41483757016151285,6.272302841949259e-4,0.09251524884326515
L2_3_IT,adjusted,AC233280.1,176.01527006309854,0.7395551159043282,0.2968678197385841,2.723436888264801e-4,0.09251524884326515
L2_3_IT,adjusted,LINC02270,20.396364014558834,0.8014845868255582,0.34031756947178826,5.620369812642864e-4,0.09251524884326515
L2_3_IT,adjusted,AC107068.2,466.54916023998805,0.8734091675872474,0.455398587100131,6.502195606597197e-4,0.09251524884326515
L2_3_IT,adjusted,DANCR,679.3388217390615,0.4704906409869129,0.18842399536407084,4.389552074251579e-4,0.09251524884326515
L2_3_IT,adjusted,AC110760.1,89.58900244497389,0.833207153989591,0.46661715941294457,6.650966370572401e-4,0.09251524884326515
L2_3_IT,adjusted,AC139722.1,50.01113625625325,0.7593952160175219,0.3146818524394123,3.27722439089902e-4,0.09251524884326515
L2_3_IT,adjusted,GYPE,366.18749127183884,0.574676184484553,0.20778918574682134,1.7361797673437113e-4,0.09251524884326515
L2_3_IT,adjusted,AC097537.1,552.7323293256494,0.8545973846123075,0.3928219477149452,4.589191654309034e-4,0.09251524884326515
L2_3_IT,adjusted,AC093797.1,84.63956944251572,1.0300296275162395,0.42997486255613787,2.492288026966809e-4,0.09251524884326515
L2_3_IT,adjusted,MIR4458HG,339.3470442168758,0.3197205661452587,0.13997504400753172,6.155688990521848e-4,0.09251524884326515
L2_3_IT,adjusted,LINC02221,25.771912056750626,0.9049470759541979,0.3900743311048078,5.097184800835863e-4,0.09251524884326515
L2_3_IT,adjusted,OSMR,40.65967573275245,0.5283461593536317,0.23104356653138852,5.262464905746465e-4,0.09251524884326515
L2_3_IT,adjusted,FAM81B,140.88700881152772,0.7219413714267205,0.32737842929922767,5.719758360294828e-4,0.09251524884326515
L2_3_IT,adjusted,MYOT,170.0194412433766,0.6547721383516041,0.2980855057907336,5.430496998451345e-4,0.09251524884326515
L2_3_IT,adjusted,AC005609.1,30.45369208807059,1.0907217785616288,0.40616022975432153,1.1710480528398062e-4,0.09251524884326515
L2_3_IT,adjusted,AC113423.2,20.62820012281804,1.0239315874290926,0.4639818263481385,3.8402526297085757e-4,0.09251524884326515
L2_3_IT,adjusted,AL662791.1,35.84093467248926,-0.651179073130154,0.2895893273100628,5.82361362590652e-4,0.09251524884326515
L2_3_IT,adjusted,AL662884.5,72.64528989171937,1.0966153616719783,0.5111700541408398,5.443436626397336e-4,0.09251524884326515
L2_3_IT,adjusted,AL662884.3,81.43920049681216,0.3488906301892907,0.14207751537117574,4.8516160574803204e-4,0.09251524884326515
L2_3_IT,adjusted,AL591242.1,541.871658896348,0.6495349630343303,0.24303456644524102,1.6570406826321962e-4,0.09251524884326515
L2_3_IT,adjusted,GFRAL,43.61263889255244,0.8273604181776291,0.3580243317554411,5.73212350175048e-4,0.09251524884326515
L2_3_IT,adjusted,AL139274.2,98.69188064614221,0.5669831966696447,0.22069481422565723,3.301543044941028e-4,0.09251524884326515
L2_3_IT,adjusted,AL024508.1,223.51668573191975,0.9415236702562106,0.3387461571859815,1.192898503122784e-4,0.09251524884326515
L2_3_IT,adjusted,AL078581.4,202.29544294846139,0.8281123141155552,0.3494375750916806,4.172292164849985e-4,0.09251524884326515
L2_3_IT,adjusted,AC006042.2,66.93193331203342,0.5926133661095747,0.26321949381215715,5.90606995108092e-4,0.09251524884326515
L2_3_IT,adjusted,AC005014.4,193.70891449817964,0.8892526275817603,0.4528099722840071,6.433499016026733e-4,0.09251524884326515
L2_3_IT,adjusted,AC004691.1,16.520274584331705,0.8926158241395198,0.42234617416545456,4.6962592148176285e-4,0.09251524884326515
L2_3_IT,adjusted,TRG-AS1,19.795660883625704,0.6872598165211491,0.2842219693202673,4.550128752500887e-4,0.09251524884326515
L2_3_IT,adjusted,CYP3A7,133.68887810263857,0.9058496174008723,0.428663589748379,5.359876721250126e-4,0.09251524884326515
L2_3_IT,adjusted,AC002463.1,1019.6819005826137,0.7314520442435064,0.33797793964762524,6.857971306581975e-4,0.09251524884326515
L2_3_IT,adjusted,ADAM7,127.98594270668187,0.94174124389541225,0.3718962645323681,2.5546435274375614e-4,0.09251524884326515
L2_3_IT,adjusted,CCNE2,147.06177876283226,0.5968514432891288,0.2386710558616029,3.486649145941749e-4,0.09251524884326515
L2_3_IT,adjusted,MAL2-AS1,303.58069870867286,0.861947597783132,0.32306226362790696,1.9436599581710044e-4,0.09251524884326515
L2_3_IT,adjusted,AC104316.1,177.92413854921017,0.9272609684427846,0.45727488449304426,5.545007030078984e-4,0.09251524884326515
L2_3_IT,adjusted,AC234917.3,41.74452972441509,0.38385104722768026,0.1613949049537929,6.714368092104429e-4,0.09251524884326515
L2_3_IT,adjusted,KCNV2,258.06889672526125,0.8292743072974873,0.32814036286929466,1.9630577410549677e-4,0.09251524884326515
L2_3_IT,adjusted,PTPRD-AS1,189.30878789631976,0.4531496254896552,0.173627282921014,2.7950471287371115e-4,0.09251524884326515
L2_3_IT,adjusted,C9orf92,75.66269782346566,0.6632668828023913,0.28290928187872827,5.086772349956578e-4,0.09251524884326515
L2_3_IT,adjusted,BX255923.2,226.81639535524474,0.6736703599419449,0.326674779765714,6.715606046039367e-4,0.09251524884326515
L2_3_IT,adjusted,FAM242F,47.61718741167442,1.1165451616090087,0.4452450792300313,1.9550544585540086e-4,0.09251524884326515
L2_3_IT,adjusted,AL512634.1,26.98449543294322,0.8172855274048991,0.33411401320617323,3.0056643330782245e-4,0.09251524884326515
L2_3_IT,adjusted,LINC02603,106.22699604092732,0.4844408335932986,0.17914633854828524,2.0310528425492754e-4,0.09251524884326515
L2_3_IT,adjusted,TMEM246-AS1,79.88404636359648,0.7881367509885656,0.28016850630688483,1.397739280374175e-4,0.09251524884326515
L2_3_IT,adjusted,DCLRE1C,777.8904291637859,0.37480861252509956,0.14657321334208387,3.882866191614806e-4,0.09251524884326515
L2_3_IT,adjusted,AL390783.1,804.8615242974561,0.40095841317143555,0.16056235022008689,3.586639201524825e-4,0.09251524884326515
L2_3_IT,adjusted,CTNNA3,7876.576610246789,0.4925194249163944,0.1966359331327408,3.9166286960718534e-4,0.09251524884326515
L2_3_IT,adjusted,PDE6C,104.00969502189609,0.7643362310409527,0.2973668545094986,3.201935662689592e-4,0.09251524884326515
L2_3_IT,adjusted,BLNK,59.23478450483696,0.5857082970880052,0.1996672283585056,1.579608509081019e-4,0.09251524884326515
L2_3_IT,adjusted,OR51D1,102.64620274662727,0.9637329338956576,0.4998917599199048,6.648376054892189e-4,0.09251524884326515
L2_3_IT,adjusted,RAG2,17.885722028974087,1.0237728161380912,0.4632810217799927,4.7094317864958404e-4,0.09251524884326515
L2_3_IT,adjusted,CBLIF,44.94282174400821,0.8026588381426651,0.34948010075616637,5.137927182964851e-4,0.09251524884326515
L2_3_IT,adjusted,SYVN1,358.121135340823,0.33193228906094807,0.13419760959141075,4.778670164398208e-4,0.09251524884326515
L2_3_IT,adjusted,AP000813.1,24.888153955945086,1.1555182152163002,0.4571719614301955,2.0734861233031915e-4,0.09251524884326515
L2_3_IT,adjusted,AP002433.1,80.44074578747819,0.7771834046304104,0.34934250208963585,5.997237075937979e-4,0.09251524884326515
L2_3_IT,adjusted,AP000866.2,42.40819899001092,0.5523145067677432,0.24416821908563344,6.868274134430302e-4,0.09251524884326515
L2_3_IT,adjusted,A2M,231.069061318439,0.590438152171299,0.22507672178073723,2.79144164209111e-4,0.09251524884326515
L2_3_IT,adjusted,LINC00987,106.6458395899269,0.48078361103545875,0.20667938385899778,5.088351655332477e-4,0.09251524884326515
L2_3_IT,adjusted,AC010168.1,326.1849448211314,0.8766123024095498,0.374947049678135,2.522128058268458e-4,0.09251524884326515
L2_3_IT,adjusted,AC046130.1,57.029635719934284,0.8839240802851177,0.3896138470219697,4.523663678344687e-4,0.09251524884326515
L2_3_IT,adjusted,HIGD1C,86.3046837053355,0.5735885879139241,0.25200494124117584,5.866577099216982e-4,0.09251524884326515
L2_3_IT,adjusted,AC073896.3,64.18121869357992,0.8201181339768512,0.35215505556583176,4.544917088923399e-4,0.09251524884326515
L2_3_IT,adjusted,AC091534.1,71.14779008079184,1.1184289297628092,0.5046933634524383,4.973795154071666e-4,0.09251524884326515
L2_3_IT,adjusted,SYCP3,337.59628832873653,0.36334728774430364,0.14672696411014585,4.4806604456125914e-4,0.09251524884326515
L2_3_IT,adjusted,CASC18,65.34620456412654,0.7366225111774759,0.32110878011638044,3.8250770980967293e-4,0.09251524884326515
L2_3_IT,adjusted,AC007622.2,95.09815094524659,0.6274180791226801,0.2691210707334805,4.4283140437003114e-4,0.09251524884326515
L2_3_IT,adjusted,AC069209.2,144.14872340120976,0.6393888356253882,0.255749202991023,3.9120408814172675e-4,0.09251524884326515
L2_3_IT,adjusted,AC073593.2,211.7955892838803,0.6691793324461257,0.2692690955691738,3.537062751635628e-4,0.09251524884326515
L2_3_IT,adjusted,AL359513.1,173.1149447753859,0.5576987883799076,0.18994311730137606,1.4286714537298866e-4,0.09251524884326515
L2_3_IT,adjusted,AL132633.1,617.9386642714147,0.9432216053014818,0.37445077268013527,1.6358757821632533e-4,0.09251524884326515
L2_3_IT,adjusted,AL118556.1,88.3437000194075,0.9444677207059448,0.47834023827106387,6.494879030048799e-4,0.09251524884326515
L2_3_IT,adjusted,ADAM21,62.35316680356824,0.9780373792014967,0.41682350468454604,2.955641607887187e-4,0.09251524884326515
L2_3_IT,adjusted,AC008056.3,28.522843029512586,1.0618562403524392,0.5285230031718283,6.698212997611452e-4,0.09251524884326515
L2_3_IT,adjusted,AC090510.1,18.640283461007765,0.5585377950307192,0.21397371029485737,2.8641082826933345e-4,0.09251524884326515
L2_3_IT,adjusted,LINC02259,65.26594289983115,0.7627620549565773,0.34660729481604324,6.027945340450867e-4,0.09251524884326515
L2_3_IT,adjusted,AC091544.5,22.740968590015804,0.830056237605791,0.3629784703319188,4.5347307795939786e-4,0.09251524884326515
L2_3_IT,adjusted,ANKS4B,98.58372760447233,0.6439071666249588,0.24852048429785215,3.0350326665852555e-4,0.09251524884326515
L2_3_IT,adjusted,E2F4,700.6485350745114,0.3137155469846119,0.124002108662455,4.256775818309748e-4,0.09251524884326515
L2_3_IT,adjusted,GP1BA,29.828759486084945,0.8136031381526093,0.35030669220146443,4.828143209939718e-4,0.09251524884326515
L2_3_IT,adjusted,ALOX12,79.56626594170281,0.8145428078772365,0.36697921678787443,5.228118227973684e-4,0.09251524884326515
L2_3_IT,adjusted,SLC47A2,186.74086210481158,0.7667166296801139,0.28409743868581466,1.730521434057454e-4,0.09251524884326515
L2_3_IT,adjusted,AC104982.2,25.80462206867048,1.0021311923348741,0.4924166399883838,5.822549271567028e-4,0.09251524884326515
L2_3_IT,adjusted,AC005899.8,336.8166990973358,0.6271753676800635,0.2846483134092411,6.895952754998763e-4,0.09251524884326515
L2_3_IT,adjusted,HEATR9,45.252479433795514,0.8736619514082065,0.36682533401164363,5.006299748402522e-4,0.09251524884326515
L2_3_IT,adjusted,DLX4,43.45640761633999,1.1332574670581723,0.6705727726246679,6.63463996263438e-4,0.09251524884326515
L2_3_IT,adjusted,ABCA9-AS1,218.71212536068816,0.9835616769779736,0.4424108228342819,3.4658123295629607e-4,0.09251524884326515
L2_3_IT,adjusted,AC005495.2,33.75346485431038,0.7081365616266171,0.30675886756817644,5.87648573055124e-4,0.09251524884326515
L2_3_IT,adjusted,AP001011.1,762.7926120958356,0.8037615493098894,0.4057330633022059,6.575975081645814e-4,0.09251524884326515
L2_3_IT,adjusted,AC007922.2,16.724128086671108,0.38898094833554553,0.16982743454174687,6.646463191110203e-4,0.09251524884326515
L2_3_IT,adjusted,AC005329.1,22.895142608690147,0.58943374964146,0.20337631255506228,1.5254132108797117e-4,0.09251524884326515
L2_3_IT,adjusted,AC005523.2,46.92551969570165,0.8865349577724705,0.4248550931520434,5.266863260899505e-4,0.09251524884326515
L2_3_IT,adjusted,AC130469.1,31.902781821787393,0.73510182953598735,0.2785112228631423,2.504141233927884e-4,0.09251524884326515
L2_3_IT,adjusted,MYO9B,8283.641665958057,-0.2587307197625268,0.10958082826682652,6.728080809809656e-4,0.09251524884326515
L2_3_IT,adjusted,AC139769.2,70.29836124752669,1.0149506333352882,0.39948838392019537,2.1263826970330612e-4,0.09251524884326515
L2_3_IT,adjusted,LINC01791,65.0445749967832,0.8157831835691706,0.32100936951143927,4.039055757113375e-4,0.09251524884326515
L2_3_IT,adjusted,AC008738.1,34.606529981704035,0.6187352447537141,0.2676052995381481,6.828648764371823e-4,0.09251524884326515
L2_3_IT,adjusted,OVOL3,18.31841614065442,0.8425007856903897,0.39335302799015626,6.61856568523265e-4,0.09251524884326515
L2_3_IT,adjusted,HIPK4,612.3421289880802,0.8171130733646135,0.3647904966672679,3.8190595057080516e-4,0.09251524884326515
L2_3_IT,adjusted,TGFB1,369.27820780732355,0.6001740190403378,0.22358013439858831,1.5612350848341356e-4,0.09251524884326515
L2_3_IT,adjusted,PSG4,33.82950753649993,1.0835489536798972,0.5071809672099038,5.544484927895374e-4,0.09251524884326515
L2_3_IT,adjusted,AC022137.4,193.07725620679201,0.5641337399752921,0.24036865511549757,5.215386252299962e-4,0.09251524884326515
L2_3_IT,adjusted,AC006116.8,277.0196983682167,0.4539311917743392,0.1935343400907418,5.018627488770408e-4,0.09251524884326515
L2_3_IT,adjusted,ZNF749,885.4136499509701,0.3661190382075694,0.14626965459607502,4.3216577384857526e-4,0.09251524884326515
L2_3_IT,adjusted,AL109935.1,26.25649204862809,0.8046832693704064,0.351539121682736,5.8479960662632e-4,0.09251524884326515
L2_3_IT,adjusted,BPIFB1,45.26598377160487,0.7630052139957376,0.28742392865138505,2.541281339279376e-4,0.09251524884326515
L2_3_IT,adjusted,AL109761.1,28.72431576714333,0.5924463699810272,0.21791680828413607,2.725015800833025e-4,0.09251524884326515
L2_3_IT,adjusted,AF130417.1,25.23488677433006,0.7277786288296569,0.295086312062515,3.8923875314226945e-4,0.09251524884326515
L2_3_IT,adjusted,AP001136.1,31.009704710662458,0.96368996825357,0.43636593563628584,4.625115232204761e-4,0.09251524884326515
L2_3_IT,adjusted,MIR155HG,127.2781208591248,0.7560050818320982,0.37801097921238175,6.290018449488808e-4,0.09251524884326515
L2_3_IT,adjusted,AC006547.1,185.28218101325086,0.800697040056112,0.34165017888607824,4.1566392435962696e-4,0.09251524884326515
L2_3_IT,adjusted,AC006547.3,22.448740698816355,0.8116133309212106,0.39606714896593176,6.849658647198955e-4,0.09251524884326515
L2_3_IT,adjusted,AL118516.1,241.76085710211393,0.9465439117109898,0.4004499482859355,3.7691100747015255e-4,0.09251524884326515
L2_3_IT,adjusted,AL592043.1,1176.4889796933687,0.7829030536370732,0.3114864557460496,2.911055466463779e-4,0.09251524884326515
L2_3_IT,adjusted,LINC01560,91.67509200070124,0.3202315399563391,0.11073826239352995,1.7216301613404077e-4,0.09251524884326515
L2_3_IT,adjusted,CERS6-AS1,39.22350481258566,0.8313628230570141,0.40578184204952905,7.010013734505775e-4,0.0927173225125355
L2_3_IT,adjusted,LSM5,853.6055251803122,0.2875538487601115,0.1223859058245808,7.039606281219349e-4,0.0927173225125355
L2_3_IT,adjusted,DNLZ,22.181585572907313,0.3879943646481008,0.1706509368202904,6.977351165721077e-4,0.0927173225125355
L2_3_IT,adjusted,LILRA2,47.83190964876604,-0.49714556958722256,0.22774597324656928,7.07818602567697e-4,0.09272423693636832
L2_3_IT,adjusted,ATP13A5,135.98442389381862,0.502185605106479,0.2257537771363347,7.172004704876672e-4,0.09295375885054523
L2_3_IT,adjusted,PPP3CB-AS1,188.81690989589515,0.4304850217375117,0.19709501640039398,7.166930334722933e-4,0.09295375885054523
L2_3_IT,adjusted,LINC00382,43.808914349442205,1.0622918447505691,0.6768221111376278,7.32034868318509e-4,0.09437440000766555
L2_3_IT,adjusted,RERE-AS1,118.44695059181461,0.5610517226658484,0.2614129596632757,9.507602166989385e-4,0.09463504623400325
L2_3_IT,adjusted,AL513327.2,155.88226841403988,0.5237020856204374,0.2648051564029571,0.0012421520068613945,0.09463504623400325
L2_3_IT,adjusted,AL139294.1,814.9924805804727,0.7780100447764515,0.4187909710197584,9.67135041293349e-4,0.09463504623400325
L2_3_IT,adjusted,AC117944.1,503.9990212967578,0.5640187915947555,0.3163262879078505,0.0012783835613926714,0.09463504623400325
L2_3_IT,adjusted,AL359504.2,182.67846945815404,0.5032684751700992,0.23956046776884427,0.0011204029637489458,0.09463504623400325
L2_3_IT,adjusted,DPYD-AS1,1305.4667538846281,0.597434120003393,0.31077726702070024,0.0010507155223379062,0.09463504623400325
L2_3_IT,adjusted,GPSM2,901.7477974136152,0.5052687848462843,0.25775165916942094,0.001097867759483546,0.09463504623400325
L2_3_IT,adjusted,AL158011.1,118.47339619372276,0.6528842287226221,0.30628324999069534,9.341015869659643e-4,0.09463504623400325
L2_3_IT,adjusted,AC104461.1,270.64063900378295,0.4999289659703982,0.2452105825894538,0.0012718935763793942,0.09463504623400325
L2_3_IT,adjusted,IPO9-AS1,1070.6746589202096,0.5054038758344518,0.24889231055919278,9.649851180721231e-4,0.09463504623400325
L2_3_IT,adjusted,AL627308.3,24.58977546693117,1.1613382350142618,0.5595059919655606,7.724274759862741e-4,0.09463504623400325
L2_3_IT,adjusted,AL365184.1,53.74615993023157,0.877239739773189,0.5090401112803,0.0013880267409612582,0.09463504623400325
L2_3_IT,adjusted,C1orf100,55.2357615646861,0.6065393838613029,0.29354941390847133,0.0010285460077785915,0.09463504623400325
L2_3_IT,adjusted,AC118555.1,104.10424425842025,0.8097356729773306,0.527374205986356,0.001167062828961528,0.09463504623400325
L2_3_IT,adjusted,AC104335.1,391.3023261148178,0.5581543956104384,0.3070946661151458,0.0013593598470461763,0.09463504623400325
L2_3_IT,adjusted,AC013472.1,42.84108854155791,0.7806906644562315,0.46051195060277245,0.001252655077661829,0.09463504623400325
L2_3_IT,adjusted,AC020594.1,228.9359519620924,0.32381749913589125,0.16487683896132257,0.0012812579590802283,0.09463504623400325
L2_3_IT,adjusted,CHAC2,148.9838959799066,0.5137855749325038,0.2729183978136732,0.0011948540815546749,0.09463504623400325
L2_3_IT,adjusted,MTHFD2,52.89914879996481,0.5080345844094549,0.2619359537843664,0.0013533212609967218,0.09463504623400325
L2_3_IT,adjusted,LYG2,226.44588157050805,0.5075503705374907,0.28162146532824006,0.0013905239963813688,0.09463504623400325
L2_3_IT,adjusted,AC079922.2,172.78136529916162,0.38541885600775044,0.173157575470281,8.365590688633166e-4,0.09463504623400325
L2_3_IT,adjusted,AC067945.3,56.364741521325605,0.8343175349972841,0.4173797538060582,8.491570735492567e-4,0.09463504623400325
L2_3_IT,adjusted,AC012459.1,478.07428075028974,0.7478232890886556,0.4216331788257751,0.0010901257284310923,0.09463504623400325
L2_3_IT,adjusted,CFLAR-AS1,72.42490132262289,0.46024826159484516,0.23166196570405945,0.0013537534057557095,0.09463504623400325
L2_3_IT,adjusted,C2CD6,583.5765235536643,0.3804531841027564,0.19546079333366673,0.0012913900634707208,0.09463504623400325
L2_3_IT,adjusted,ACADL,31.65129687710287,0.5353098969348727,0.2420193706464664,8.720363681087942e-4,0.09463504623400325
L2_3_IT,adjusted,FN1,295.01540942034217,0.6316511769532407,0.3420606249287193,0.0010124636757937403,0.09463504623400325
L2_3_IT,adjusted,AC019130.1,284.5203155623298,0.7859704218993777,0.4572970101693081,0.0011211366597550685,0.09463504623400325
L2_3_IT,adjusted,AC026202.2,334.62614776016943,0.8054076278695745,0.4606793370759419,8.925770528926231e-4,0.09463504623400325
L2_3_IT,adjusted,VIPR1-AS1,215.4978925409072,0.6721310143548099,0.3412718102265877,8.654011470226117e-4,0.09463504623400325
L2_3_IT,adjusted,AC134772.1,73.56099913504798,0.5264309035512832,0.2505556966616288,0.0010289067256696064,0.09463504623400325
L2_3_IT,adjusted,AC129807.1,16.74736899659862,0.44103948644975327,0.23588869840618296,0.0013365309335574471,0.09463504623400325
L2_3_IT,adjusted,AC109129.1,81.10066766584012,0.827083021111847,0.40997641057262013,9.320511799984607e-4,0.09463504623400325
L2_3_IT,adjusted,AC110491.3,50.870123427161715,0.7255672688025147,0.40602081509627935,0.0012935304237160006,0.09463504623400325
L2_3_IT,adjusted,AC117435.1,36.99112476333421,1.0423719911685667,0.5718127530870969,8.145054113851682e-4,0.09463504623400325
L2_3_IT,adjusted,IGSF10,720.6143299960453,0.7050548330212779,0.371915881494752,0.001210847865926123,0.09463504623400325
L2_3_IT,adjusted,PEX5L-AS1,97.31628433792694,0.9081514883563565,0.5333293981197559,8.911023009731011e-4,0.09463504623400325
L2_3_IT,adjusted,AC018797.3,358.663756879821,0.9060155654326614,0.49072415900715294,0.0011231776761788,0.09463504623400325
L2_3_IT,adjusted,UCP1,17.008290126560468,1.0151049487163013,0.4895397913908647,8.487920204602007e-4,0.09463504623400325
L2_3_IT,adjusted,AC017037.5,145.616915107152,0.5402184965646273,0.2667102202895653,9.022938366180777e-4,0.09463504623400325
L2_3_IT,adjusted,AC022272.1,71.59129672951207,0.8135516183526702,0.5083512481433629,0.00139234721175768,0.09463504623400325
L2_3_IT,adjusted,AC010260.1,92.53628095268849,0.7310276074722881,0.37992149221049026,9.929792438521704e-4,0.09463504623400325
L2_3_IT,adjusted,AC008522.1,83.55773880365052,0.8612130659281122,0.5404230251294205,0.0012590613491224336,0.09463504623400325
L2_3_IT,adjusted,WNT8A,140.24070690044172,0.505354537919878,0.2417235253181204,8.213618153487701e-4,0.09463504623400325
L2_3_IT,adjusted,AC244517.11,436.2920968798692,0.8757522832509406,0.49903212615136217,9.639710160588794e-4,0.09463504623400325
L2_3_IT,adjusted,AC008696.2,2807.544095367731,0.6773979531284611,0.39354865454861077,0.001238723385724196,0.09463504623400325
L2_3_IT,adjusted,AC008708.2,621.2526068137838,0.4236935597763743,0.21337141754553368,0.001236269263446761,0.09463504623400325
L2_3_IT,adjusted,MXD3,232.912876058785,0.3520557397859091,0.1750166429040649,0.0010228613053174255,0.09463504623400325
L2_3_IT,adjusted,AL133351.1,79.60875688911867,0.7076117970264483,0.3973347203158253,0.0010883829550526263,0.09463504623400325
L2_3_IT,adjusted,AL035588.1,19.940422706905224,0.6631511717433359,0.32434263379464817,9.102990021885833e-4,0.09463504623400325
L2_3_IT,adjusted,AL353138.1,24.37936090902849,0.5827176899881452,0.30660477476967807,0.001298734797933738,0.09463504623400325
L2_3_IT,adjusted,ZNF451-AS1,591.6201877973658,0.864347763441268,0.43543361372076705,7.822332030749063e-4,0.09463504623400325
L2_3_IT,adjusted,ECT2L,715.4269858520518,0.4192289278487993,0.21471983633937278,0.0013512539081109312,0.09463504623400325
L2_3_IT,adjusted,PHACTR2-AS1,21.026114474923858,0.6148802782232194,0.27662904003317157,8.394977583680197e-4,0.09463504623400325
L2_3_IT,adjusted,AC091729.3,163.52211494150674,0.25475852134072163,0.12135930517403598,0.0012467631386193618,0.09463504623400325
L2_3_IT,adjusted,AC073333.1,237.4928537846374,0.4876794952886787,0.27075919091864514,0.0013760460212900024,0.09463504623400325
L2_3_IT,adjusted,SPDYE16,103.27869164347707,0.4755244730626304,0.23942856238010793,0.001010121815035446,0.09463504623400325
L2_3_IT,adjusted,AC006145.1,161.4284828650905,0.8568595201163373,0.48093478929802497,9.637423534712456e-4,0.09463504623400325
L2_3_IT,adjusted,AC006378.1,40.59707680131305,0.7789014413135515,0.5061621731117972,0.001378147722264658,0.09463504623400325
L2_3_IT,adjusted,CYP3A5,194.97606791241986,0.62681752959911,0.32198961275673893,0.0010973088775032293,0.09463504623400325
L2_3_IT,adjusted,AC245164.2,25.189870739437243,0.7413908039590835,0.3967530147160403,0.0010628545761520297,0.09463504623400325
L2_3_IT,adjusted,ANGPT2,652.6749260427155,0.7181549157151244,0.39867451116089353,0.001060109701884654,0.09463504623400325
L2_3_IT,adjusted,PRSS51,860.6457942876241,0.7293041157512973,0.46402819015101926,0.0013994137223235948,0.09463504623400325
L2_3_IT,adjusted,AC105230.1,247.49657548329088,0.8105605461514641,0.4690670063572446,0.0011115098504569508,0.09463504623400325
L2_3_IT,adjusted,AC090809.1,110.74215643763452,0.4491730629436012,0.1968192378953929,7.866596581516875e-4,0.09463504623400325
L2_3_IT,adjusted,MCMDC2,395.7216351209086,0.4966059970017737,0.24535961778089863,8.981301382802495e-4,0.09463504623400325
L2_3_IT,adjusted,LACTB2-AS1,136.50237613423695,0.3768657472091016,0.18444015746915243,0.0013479842265168385,0.09463504623400325
L2_3_IT,adjusted,AC115837.2,161.0653802406125,0.8966594362120395,0.5278770223857224,9.28187615599516e-4,0.09463504623400325
L2_3_IT,adjusted,AC117834.2,30.32691502320003,0.6623523790138262,0.3410140031981657,9.654910502072202e-4,0.09463504623400325
L2_3_IT,adjusted,AC025508.1,314.6269602671248,0.8078387258886157,0.4298749361870683,9.798819697896409e-4,0.09463504623400325
L2_3_IT,adjusted,AC022973.4,123.03026043430604,0.8083596069878526,0.42131629994167225,7.519011409028863e-4,0.09463504623400325
L2_3_IT,adjusted,PDCD1LG2,78.30008355902656,0.6514851636581522,0.3594613683944164,0.0010978792119137567,0.09463504623400325
L2_3_IT,adjusted,PGM5,83.123516758337,0.4404663732011118,0.22022519684635564,0.0013203107362699182,0.09463504623400325
L2_3_IT,adjusted,C9orf57,41.07668709786613,0.5478994463148732,0.29244969344928956,0.0013780007511001626,0.09463504623400325
L2_3_IT,adjusted,AL354733.3,227.88175227069686,0.951545026658259,0.6805234161391914,0.0012928517340871576,0.09463504623400325
L2_3_IT,adjusted,ASPN,160.28224267581092,0.8534514914735121,0.4787237997898433,9.576751205535888e-4,0.09463504623400325
L2_3_IT,adjusted,ECM2,207.60697728513625,0.7112773552825421,0.3648697499642473,0.0010005400800746605,0.09463504623400325
L2_3_IT,adjusted,AL133477.2,64.11918926324616,0.7136976580348027,0.38938509397836113,0.0012299428848051646,0.09463504623400325
L2_3_IT,adjusted,AL157938.2,357.38713600913377,0.7942500634211497,0.4963228834755348,0.001269318335492028,0.09463504623400325
L2_3_IT,adjusted,FO681492.1,29.282259971466477,0.5009103806812292,0.2482438904904169,0.0011912906835291229,0.09463504623400325
L2_3_IT,adjusted,AL358154.1,51.43673963021856,0.7511653843155263,0.4057518739446996,0.0011450524789668726,0.09463504623400325
L2_3_IT,adjusted,KCNIP2-AS1,436.418895499549,0.6509959559898595,0.3196575638480669,9.220638253172384e-4,0.09463504623400325
L2_3_IT,adjusted,AL731574.1,17.22234844895728,0.6400735498560534,0.34095499003098717,0.0011870612034677627,0.09463504623400325
L2_3_IT,adjusted,BTBD18,70.14371059467062,0.8126670420799497,0.45221459613942216,8.686127291257053e-4,0.09463504623400325
L2_3_IT,adjusted,SLC22A8,354.2703377979792,0.8275960685634615,0.4298329164286204,9.015646580481803e-4,0.09463504623400325
L2_3_IT,adjusted,ZFPL1,356.671047437134,0.3691724309215983,0.1631842112858079,8.690407502340938e-4,0.09463504623400325
L2_3_IT,adjusted,P4HA3,400.7532517068163,0.7906201603142118,0.46457056614770675,0.0011799128667699694,0.09463504623400325
L2_3_IT,adjusted,APOA1-AS,95.34800647095331,0.6582457293442583,0.3230683430020348,8.241170786915235e-4,0.09463504623400325
L2_3_IT,adjusted,AP003025.1,110.86324111514503,0.6414662456234314,0.31709115344359473,8.539746672938966e-4,0.09463504623400325
L2_3_IT,adjusted,AC005293.1,32.3555175920046,0.7681707854856368,0.43049665825327244,8.654340539227091e-4,0.09463504623400325
L2_3_IT,adjusted,OVCH1-AS1,444.18043367835037,0.6608698818556364,0.329112829449393,9.162747010999022e-4,0.09463504623400325
L2_3_IT,adjusted,CCDC38,112.15055780075639,0.6564184164272292,0.3469641518050315,0.0010097092809117317,0.09463504623400325
L2_3_IT,adjusted,AC007569.1,33.62131453167438,0.8364445599657814,0.38503531334430596,7.452069570090564e-4,0.09463504623400325
L2_3_IT,adjusted,LINC00508,405.73962244439065,0.8035163384477277,0.4560465843660851,0.0010612334807725491,0.09463504623400325
L2_3_IT,adjusted,AL590096.1,39.79144148429693,0.3071150184736798,0.14630075187123354,0.0011003316114427343,0.09463504623400325
L2_3_IT,adjusted,CPB2,97.28583173547099,0.6697731908993271,0.35559154787263486,0.001169703283583128,0.09463504623400325
L2_3_IT,adjusted,LPAR6,235.92957505638768,0.6253155584724769,0.3267664305998383,0.0010881648121370332,0.09463504623400325
L2_3_IT,adjusted,MYCBP2-AS1,1478.1594928348545,0.6877483470851086,0.4106448943939473,0.001323037954971346,0.09463504623400325
L2_3_IT,adjusted,GPC6-AS2,22.123787250408625,0.8271411895362589,0.4738410713676079,0.0011660620408871975,0.09463504623400325
L2_3_IT,adjusted,GPC6-AS1,63.6600405670721,0.8354905822798538,0.4192977814630352,8.700124460909853e-4,0.09463504623400325
L2_3_IT,adjusted,AL355810.1,21.36651314187084,0.4450211967557721,0.20103740729896058,8.223691589247422e-4,0.09463504623400325
L2_3_IT,adjusted,LINC00520,32.41562146041333,0.6393680281944092,0.3119075780128506,0.0011794322978059925,0.09463504623400325
L2_3_IT,adjusted,AL356804.1,154.46451884059337,0.6953091570562112,0.37098791526063174,0.001036936165089104,0.09463504623400325
L2_3_IT,adjusted,AC005280.1,97.29484918748288,0.4314904196623247,0.21371321607715835,9.893715712784195e-4,0.09463504623400325
L2_3_IT,adjusted,AL137779.1,59.55839641539604,0.6849164888693167,0.3880883081626862,0.0013582830353774538,0.09463504623400325
L2_3_IT,adjusted,GOLGA6L7,312.240292956086,0.9390584100381044,0.5948155747604011,0.0011537486142608499,0.09463504623400325
L2_3_IT,adjusted,GOLGA8N,226.97205882638286,0.3024615436416385,0.15613945273040536,0.0013816450263583872,0.09463504623400325
L2_3_IT,adjusted,AC091045.1,199.3497855610759,0.586199241531453,0.2797891515046139,8.50076401073838e-4,0.09463504623400325
L2_3_IT,adjusted,AC016134.1,132.0606324974578,0.5061916699862173,0.23169553865964676,7.869017833848541e-4,0.09463504623400325
L2_3_IT,adjusted,AC100839.2,64.26945794271202,0.6358522724239384,0.3480714122052708,0.0010703060224078779,0.09463504623400325
L2_3_IT,adjusted,NUBP1,758.9359447234266,0.4470653647003103,0.23218024501888576,0.0012873072089405696,0.09463504623400325
L2_3_IT,adjusted,AC092338.1,16.58065573413212,0.8821100473900589,0.5082060122133114,0.0013953585731405142,0.09463504623400325
L2_3_IT,adjusted,ATP2A1,179.65779141613163,0.27395534091748,0.14056768500942501,0.0012548489625016535,0.09463504623400325
L2_3_IT,adjusted,AC009133.1,126.60938806504306,0.6312629683856863,0.29153966314351243,8.057922104674781e-4,0.09463504623400325
L2_3_IT,adjusted,CMTM2,160.73855805689297,0.479651106218833,0.23019058157391298,9.73577931308367e-4,0.09463504623400325
L2_3_IT,adjusted,AC092123.1,201.5314791427097,0.27373894777522895,0.12561732431124412,9.618052246870826e-4,0.09463504623400325
L2_3_IT,adjusted,AC091153.2,196.70935507177813,0.6870192339477157,0.3659324974117971,9.167097617177634e-4,0.09463504623400325
L2_3_IT,adjusted,AC135178.4,117.31174280269661,0.28634852399485083,0.13889946849941257,0.0012923912539760123,0.09463504623400325
L2_3_IT,adjusted,EPN2-AS1,83.24026803406439,0.7296832922312665,0.41077471954711736,0.0013323736943865157,0.09463504623400325
L2_3_IT,adjusted,SPAG5-AS1,300.64101791799135,0.4723638406538257,0.22315396081869007,9.491878007565176e-4,0.09463504623400325
L2_3_IT,adjusted,CCL5,53.17508490024542,0.5557917845742901,0.2607363067216687,8.840813244246101e-4,0.09463504623400325
L2_3_IT,adjusted,PLEKHH3,274.5198429980697,0.363042002687648,0.18052934771071008,0.0013195427869770614,0.09463504623400325
L2_3_IT,adjusted,TAC4,279.791623806497,0.740165679344397,0.3818703164684643,9.095985422790638e-4,0.09463504623400325
L2_3_IT,adjusted,AP001496.1,16.79386760608856,0.7101059601884395,0.36413451453840073,0.0012125957554299971,0.09463504623400325
L2_3_IT,adjusted,AC011444.2,47.43701789786254,0.6865504688287347,0.35436450225264066,9.176931389954958e-4,0.09463504623400325
L2_3_IT,adjusted,SYCE2,185.25555978249855,0.3051072165937865,0.14738171209400602,0.0010666395263304543,0.09463504623400325
L2_3_IT,adjusted,AC008554.1,319.757067153899,0.6432479780010864,0.3542175148975749,0.001197843698552475,0.09463504623400325
L2_3_IT,adjusted,AC010300.1,39.47264777476161,0.8436757482438576,0.4189992955132747,8.838138623260675e-4,0.09463504623400325
L2_3_IT,adjusted,AC011503.1,72.2064834335087,0.6046536847622057,0.3172618161030833,0.0011844479247735114,0.09463504623400325
L2_3_IT,adjusted,AC020912.1,20.246495152792736,0.7000774957057062,0.37970141207055497,0.0014020869937813006,0.09463504623400325
L2_3_IT,adjusted,AC016590.1,772.8255039796264,0.36284052277491935,0.18153984951218785,0.0010765568435231827,0.09463504623400325
L2_3_IT,adjusted,AC093227.3,18.89234071348617,0.8259217384233037,0.4534884142311347,0.001390875223632348,0.09463504623400325
L2_3_IT,adjusted,AC008537.4,94.44766699559959,0.4447736103462763,0.228975551089,0.0013406202925250654,0.09463504623400325
L2_3_IT,adjusted,LENG9,286.9249566977085,0.6967573163082766,0.3490796397914153,8.293335320337217e-4,0.09463504623400325
L2_3_IT,adjusted,ZNF582-AS1,452.3994447327341,0.29022542552859176,0.13132594073507015,9.914824940837905e-4,0.09463504623400325
L2_3_IT,adjusted,AL049646.1,363.6042577550756,0.8277528155175689,0.44424323257105547,8.102920555668168e-4,0.09463504623400325
L2_3_IT,adjusted,ASIP,157.70277978283332,0.4528457897916303,0.23812554500949337,9.439234095440973e-4,0.09463504623400325
L2_3_IT,adjusted,AL109824.1,472.7884620449422,0.6821402243779568,0.43759920585525003,0.0013917669598050172,0.09463504623400325
L2_3_IT,adjusted,AL023803.1,18.637368338205548,0.4591093094822258,0.2183993923032391,0.0010890262451830508,0.09463504623400325
L2_3_IT,adjusted,LINC01697,55.125132235325374,0.6278664899949189,0.2910891778712799,8.67311805417734e-4,0.09463504623400325
L2_3_IT,adjusted,AP000248.1,36.40391847377564,0.9263352961593236,0.509400265334761,7.419293056009737e-4,0.09463504623400325
L2_3_IT,adjusted,CBS,23.33244153360344,0.5646457843441375,0.2895130159366248,0.001343525839062102,0.09463504623400325
L2_3_IT,adjusted,AL080273.1,82.92585718852895,0.8162330200038211,0.4848187639366136,0.0012073854606621053,0.09463504623400325
L2_3_IT,adjusted,AL035427.1,602.7262095114576,0.9250724480219836,0.5673813110133212,0.0010261038797234588,0.09463504623400325
L2_3_IT,adjusted,AC116666.1,85.89484934047722,0.8876698135752212,0.5267528652098821,0.0011538521462050252,0.09463504623400325
L2_3_IT,adjusted,AC079117.1,1115.0450429180064,0.790039263659986,0.47766986194648664,0.0014101873553951185,0.09465736942577811
L2_3_IT,adjusted,AC011477.9,228.95990519968976,0.6592263853564392,0.3755817197122146,0.0014175227108098993,0.09487697824260949
L2_3_IT,adjusted,P2RY12,441.0463762846416,0.7301671777594698,0.4405722381038672,0.0014313819720162555,0.09529249489111496
L2_3_IT,adjusted,AC095350.1,56.823973965498155,0.6007821495105441,0.34697530036837904,0.001438241688643198,0.09543826512422056
L2_3_IT,adjusted,ZNF341-AS1,25.072355954185092,0.4177644272359987,0.21031386183142559,0.001441405301063497,0.09543826512422056
L2_3_IT,adjusted,CD160,62.451936993131646,0.5977631716608603,0.3285738656052262,0.0014686520280748339,0.0956035255469553
L2_3_IT,adjusted,AC079601.1,34.00360419836948,0.4176994169298735,0.2427166943996828,0.0014691325217682763,0.0956035255469553
L2_3_IT,adjusted,DDIT3,235.62526360576805,0.40260530082923096,0.2158894084536318,0.001458981319691025,0.0956035255469553
L2_3_IT,adjusted,AL359706.1,917.9648039912821,0.654159791693522,0.3727889026243842,0.001465081496561398,0.0956035255469553
L2_3_IT,adjusted,SLC10A1,118.51124516537342,0.6692875766244766,0.43468783703182245,0.0014644796712284032,0.0956035255469553
L2_3_IT,adjusted,AL158801.3,349.17888281763584,0.5912073459419438,0.3218429751899957,0.0014761939798445002,0.0956620811513061
L2_3_IT,adjusted,NCK1-DT,323.8843454087622,0.39643170874110034,0.2139950726674904,0.0014898716705515195,0.0957842034951407
L2_3_IT,adjusted,AC009090.6,67.8336914489648,0.764897261003886,0.4897483633709514,0.0014846938484387303,0.0957842034951407
L2_3_IT,adjusted,AC009831.1,78.78931198715921,0.40635450221243985,0.20272428394827885,0.0014872913523525458,0.0957842034951407
L2_3_IT,adjusted,AC073525.1,156.39224016164542,0.8427430953793983,0.750322112609555,0.0014978136569496435,0.09578931119484255
L2_3_IT,adjusted,PLIN5,224.19839441754266,-0.30136111643113933,0.15828234711045186,0.001494042258241253,0.09578931119484255
L2_3_IT,adjusted,LINC00539,313.03469872893464,0.4576489266426496,0.23794447016502038,0.0015071092785809903,0.09613147822488066
L2_3_IT,adjusted,AC013472.2,101.58883715718376,0.6183104200383512,0.35795464045767555,0.0015427893986284618,0.09777548670225068
L2_3_IT,adjusted,AC091887.1,375.04469652372813,0.4536168346840414,0.2543715470298399,0.0015370501993780398,0.09777548670225068
L2_3_IT,adjusted,AC002094.4,189.2969341690727,-0.33603923385561835,0.1786981490959568,0.001544921709774543,0.09777548670225068
L2_3_IT,adjusted,AC066613.1,27.273290569191957,0.4248708556401351,0.22883437399950735,0.0015495373115656623,0.09781353920624075
L2_3_IT,adjusted,ZMYM4-AS1,157.45507222429168,0.7196609234281092,0.4906556038470087,0.0016172539515338466,0.09793187500413635
L2_3_IT,adjusted,AC005041.5,341.33830494059515,0.3746568521486761,0.20439284273250088,0.0015970512626081242,0.09793187500413635
L2_3_IT,adjusted,AC005037.1,851.3094176707059,0.4093125203993374,0.22070641514124095,0.0015664457634544469,0.09793187500413635
L2_3_IT,adjusted,AC079841.2,386.4397280810821,0.7145296680759448,0.4577492407897653,0.0016351895670394547,0.09793187500413635
L2_3_IT,adjusted,GPR87,140.2112007636657,0.7373379774213032,0.4806315342562993,0.0015703524806337647,0.09793187500413635
L2_3_IT,adjusted,AC016598.2,1265.126372179731,0.6643680532632463,0.42666157444109054,0.0015946780041838852,0.09793187500413635
L2_3_IT,adjusted,TDRG1,330.11413843672904,0.6999212408914194,0.433177744691599,0.0016273687768708837,0.09793187500413635
L2_3_IT,adjusted,AC025871.1,160.60601691910315,0.6015364174195897,0.37049505155126317,0.0015601003631070442,0.09793187500413635
L2_3_IT,adjusted,AC022395.1,211.55333518318312,0.8303425828592975,0.6042418175256086,0.0016332403959396049,0.09793187500413635
L2_3_IT,adjusted,AC131571.1,490.69662086093973,0.6222831070076258,0.3875650321636613,0.0015822379656139911,0.09793187500413635
L2_3_IT,adjusted,AP001825.1,3324.4504812026817,0.5524297289701494,0.3376508786737886,0.0016205477986996073,0.09793187500413635
L2_3_IT,adjusted,AC053513.1,2257.6246392346293,0.702458721270919,0.48061133564737635,0.0016104606509823691,0.09793187500413635
L2_3_IT,adjusted,MAPKAPK5-AS1,398.12804110868797,0.31399916776497444,0.16578557394773713,0.0016270635637568387,0.09793187500413635
L2_3_IT,adjusted,RAB11A,6131.556345251624,0.4257857999279647,0.2329457297822969,0.0016153739854015783,0.09793187500413635
L2_3_IT,adjusted,SMCR5,459.2393961107766,0.5017615504735231,0.29109769992236,0.0016358151985013335,0.09793187500413635
L2_3_IT,adjusted,AC104365.1,499.67467669077854,0.8014496945296297,0.5208663284712256,0.001589112980738987,0.09793187500413635
L2_3_IT,adjusted,LINC01410,164.1746859282996,0.47222182029583076,0.2772267965045417,0.0016400835418620989,0.09794675387502917
L2_3_IT,adjusted,DUOX1,596.6451077156333,0.6157014349838846,0.39149515987093936,0.001644747854350373,0.097985149679954
L2_3_IT,adjusted,SLFNL1-AS1,464.5987543397036,0.3542964537714386,0.19386656312233788,0.0016695666462387187,0.0980559592970847
L2_3_IT,adjusted,CLDN18,38.316154696919234,0.5239947032596466,0.326814287884983,0.0016699457161521802,0.0980559592970847
L2_3_IT,adjusted,CALN1,38470.30821407945,-0.28889228753293233,0.15556237611774734,0.0016742158165747895,0.0980559592970847
L2_3_IT,adjusted,RPP38,978.830498598281,0.32173240805732034,0.17179300913116238,0.001679220111884534,0.0980559592970847
L2_3_IT,adjusted,AC009554.1,415.14305355854725,0.7141754486782583,0.5562395577433538,0.0016821550925954776,0.0980559592970847
L2_3_IT,adjusted,EVI2B,136.65104121150316,0.6807371975227778,0.4681174375651276,0.001673483263819946,0.0980559592970847
L2_3_IT,adjusted,LCA5L,215.98946316960036,0.5712149325500254,0.33940172076604236,0.0016574423443991373,0.0980559592970847
L2_3_IT,adjusted,PABPC5-AS1,69.63539837087592,-0.28001075812195153,0.14914176811368565,0.0016740519988742368,0.0980559592970847
L2_3_IT,adjusted,AL360270.1,137.2095675016329,0.6186814009488916,0.511457623562717,0.0017754706398425114,0.09847373103034367
L2_3_IT,adjusted,AC007314.1,36.59619781355133,0.749783373390867,0.5011158482806449,0.0017224752239648321,0.09847373103034367
L2_3_IT,adjusted,LINC01159,35.60440451432989,0.33606066435309795,0.19063009181180413,0.001767974744258202,0.09847373103034367
L2_3_IT,adjusted,AC097448.1,104.66029658692189,0.7129092595848229,0.49375594115814286,0.001774176857473517,0.09847373103034367
L2_3_IT,adjusted,TMBIM1,137.17166065962442,0.35649293708111085,0.2014956390674196,0.0017773426738700937,0.09847373103034367
L2_3_IT,adjusted,STX19,200.39952481752124,0.6061931307350694,0.35958155271502146,0.0017209965475114967,0.09847373103034367
L2_3_IT,adjusted,MTTP,63.8360972491575,0.39259536760543334,0.24979759449115319,0.0017653680547375635,0.09847373103034367
L2_3_IT,adjusted,STEAP4,65.24893268507086,0.3322569890775595,0.18219726968682703,0.001712716057451876,0.09847373103034367
L2_3_IT,adjusted,AL590708.1,50.75919079901587,0.28253759686329816,0.1459479514792976,0.0017239956168472873,0.09847373103034367
L2_3_IT,adjusted,AL365356.1,336.15154819177224,0.6163750669815478,0.41044500790273786,0.0016990774667436323,0.09847373103034367
L2_3_IT,adjusted,AP001107.1,40.71379488560111,0.39858108851081403,0.2200227632133885,0.0017271884918852755,0.09847373103034367
L2_3_IT,adjusted,CCDC83,49.97499301129664,0.420058245028267,0.23599697192883703,0.001770235017503646,0.09847373103034367
L2_3_IT,adjusted,AC069228.1,5576.537844464139,0.6813935556435715,0.4739497299493072,0.0017633533950105302,0.09847373103034367
L2_3_IT,adjusted,RFX4,744.1241947808818,0.5299962240078152,0.3654367315208609,0.0017648442821224227,0.09847373103034367
L2_3_IT,adjusted,AL121839.2,40.45654130982452,0.4198210581724463,0.2235685239584541,0.0017739608619973804,0.09847373103034367
L2_3_IT,adjusted,OR4D1,17.10263983966347,0.5963747324471866,0.29129349313209874,0.001709065620207575,0.09847373103034367
L2_3_IT,adjusted,AC022098.1,250.76660298768743,0.42801957031630034,0.24315877686355777,0.001780182386524044,0.09847373103034367
L2_3_IT,adjusted,AC008649.2,54.90481273891332,0.6063376029680958,0.40807823472083965,0.001781167486526872,0.09847373103034367
L2_3_IT,adjusted,RARRES1,665.3162969534714,0.5810135014708252,0.3418953371660616,0.0017901739770320934,0.09850070644631369
L2_3_IT,adjusted,GRID1-AS1,199.0555811494691,0.7407831808498172,0.5944854660263771,0.0017908484345283168,0.09850070644631369
L2_3_IT,adjusted,AC093390.1,32.21767892389068,0.5004217515398822,0.2864926287667218,0.001834085923000231,0.09870936228605826
L2_3_IT,adjusted,CP,90.1848427227879,0.5568815652486628,0.3456477024338733,0.0018125148025011945,0.09870936228605826
L2_3_IT,adjusted,KCNMB2-AS1,5230.811020483804,0.6021485631391837,0.411731687467475,0.0018545029748126326,0.09870936228605826
L2_3_IT,adjusted,AC008771.1,2212.9642264671597,0.2768515083255253,0.1492771614245697,0.001858498779983989,0.09870936228605826
L2_3_IT,adjusted,CAHM,64.22769565470405,0.3635021263744107,0.20280443503565618,0.0018116704546235582,0.09870936228605826
L2_3_IT,adjusted,AC018437.3,39.042182011904856,0.7120048019268601,0.4091476733957132,0.0018534889129549594,0.09870936228605826
L2_3_IT,adjusted,SH2D4A,156.03701251934558,0.374323583303376,0.2125971959923658,0.0018521536713952838,0.09870936228605826
L2_3_IT,adjusted,CNMD,144.47442248737838,0.50824727420649,0.28714752382066433,0.0018432298979051225,0.09870936228605826
L2_3_IT,adjusted,AC020892.1,38.256599415865715,0.6458084003363737,0.44801323050514297,0.0018420343282757007,0.09870936228605826
L2_3_IT,adjusted,ZNF213,511.3277214684458,0.4045612346959001,0.23728644794980794,0.0018456717703579713,0.09870936228605826
L2_3_IT,adjusted,AC025211.1,191.726414785341,0.6084897738351291,0.36549822560791995,0.0018233667085986146,0.09870936228605826
L2_3_IT,adjusted,AC015923.1,2336.1573560721595,0.7512502155210258,0.6043397682487646,0.0018571529238542062,0.09870936228605826
L2_3_IT,adjusted,AC008662.1,100.97024894626755,0.4591375300873491,0.26574832389770536,0.0018835670549523734,0.09885195262402717
L2_3_IT,adjusted,AC087239.1,50.21799926031385,0.5321528694464787,0.3163107375554963,0.0018850430879237972,0.09885195262402717
L2_3_IT,adjusted,AC026470.2,164.91743522458907,0.6741926476453899,0.5138244601355862,0.0018735916242572984,0.09885195262402717
L2_3_IT,adjusted,AC015853.3,334.5561965639551,0.7146163997079653,0.5894228984420904,0.0018781534702195291,0.09885195262402717
L2_3_IT,adjusted,AC015849.3,340.2842791509358,0.6771171440093329,0.4818745659219501,0.0018864876454967017,0.09885195262402717
L2_3_IT,adjusted,AC023424.3,718.4407316121359,0.648770411273733,0.45980425148146,0.0018919774089458058,0.09891617096599603
L2_3_IT,adjusted,AP000842.2,329.77214029845777,0.3257859813740548,0.17777910248732826,0.0018958323828745032,0.09891617096599603
L2_3_IT,adjusted,AL031283.2,43.47381597211771,0.4827103494837248,0.28916876564148525,0.002051125302781985,0.0994430444686224
L2_3_IT,adjusted,LINC01780,56.71270417599459,0.5437052218983085,0.31257342335928956,0.0019460701312160318,0.0994430444686224
L2_3_IT,adjusted,DNM3OS,40.81350427627798,0.7163954563327928,0.5536387022105268,0.002061287455841459,0.0994430444686224
L2_3_IT,adjusted,C4BPB,16.106136874240274,0.34897438875029374,0.19488241750309368,0.0019738356961986627,0.0994430444686224
L2_3_IT,adjusted,AC068481.1,229.47361109318632,0.7448134116574108,0.824128162209792,0.002077407980933564,0.0994430444686224
L2_3_IT,adjusted,AC130814.1,32.344834574782006,-0.2654514152581936,0.16059832374805644,0.002142641397731324,0.0994430444686224
L2_3_IT,adjusted,AC104699.1,151.32203682998167,0.7391141140521325,0.5838423694849645,0.0020634831653234317,0.0994430444686224
L2_3_IT,adjusted,RASGRP3,254.88437637963213,0.3596817731738549,0.19515653860510027,0.001987095667702631,0.0994430444686224
L2_3_IT,adjusted,AC007098.1,1269.3056719315182,0.6265270258122247,0.411928123947751,0.0020270951355648987,0.0994430444686224
L2_3_IT,adjusted,AC010976.1,394.7638292293422,0.6534490780632947,0.4415756128686724,0.001997331786290462,0.0994430444686224
L2_3_IT,adjusted,HDAC4-AS1,48.181736093456195,0.5519242558399191,0.3348969915232462,0.0019868036394546456,0.0994430444686224
L2_3_IT,adjusted,LINC02068,68.50946424440319,0.41955820322943904,0.24574052390442322,0.002021514559451745,0.0994430444686224
L2_3_IT,adjusted,ZNF732,168.41987586089155,0.42404443483805393,0.2814799446897667,0.0020934317358122837,0.0994430444686224
L2_3_IT,adjusted,AL158068.2,371.6819973169508,0.5469421791328628,0.3520274309904258,0.002025692578897911,0.0994430444686224
L2_3_IT,adjusted,AC097658.3,185.37078860261272,0.5715437617559189,0.35480472024106047,0.001998367646305677,0.0994430444686224
L2_3_IT,adjusted,AC084724.1,73.91299087971385,0.6404062007776551,0.42919165646428425,0.002040519490800542,0.0994430444686224
L2_3_IT,adjusted,AC106818.2,662.4066185536499,0.342469232186102,0.19316735555423362,0.002097688759094974,0.0994430444686224
L2_3_IT,adjusted,FAT2,219.6729301930759,0.6463985981014091,0.5477679774544225,0.002113910110095602,0.0994430444686224
L2_3_IT,adjusted,C6orf99,424.19609851360065,0.5621441679377996,0.3858579861673192,0.0020421899594448233,0.0994430444686224
L2_3_IT,adjusted,AC005400.1,1219.1691708697415,0.6084438937169108,0.4032081340231488,0.002023136656748358,0.0994430444686224
L2_3_IT,adjusted,AC211433.1,926.5499155614958,0.6188578255026963,0.43584106479843165,0.002014722215822692,0.0994430444686224
L2_3_IT,adjusted,SEMA3C,4673.588155325586,-0.3106560033684373,0.178836070446292,0.0021465957263302315,0.0994430444686224
L2_3_IT,adjusted,SPDYE3,548.5501579097263,0.6587423473830014,0.5517014036610848,0.00207832947920514,0.0994430444686224
L2_3_IT,adjusted,AC004839.2,64.9357933557911,0.5741043958589905,0.3566089126815518,0.0020335649306602935,0.0994430444686224
L2_3_IT,adjusted,CA1,307.0458717125104,0.6645057001533473,0.4638734757846994,0.0021344402478187833,0.0994430444686224
L2_3_IT,adjusted,CELF2-AS2,1133.3252427776256,0.678940892213397,0.4921746861035976,0.0020458272019547525,0.0994430444686224
L2_3_IT,adjusted,NODAL,18.78946530624915,0.5429064523179331,0.4528351662456523,0.0021454555219034537,0.0994430444686224
L2_3_IT,adjusted,AC018511.2,101.0984875494025,0.6368207754578283,0.49216441485397144,0.0019490388668290345,0.0994430444686224
L2_3_IT,adjusted,AL731553.1,21.25859157042374,0.7589238121448814,0.6222004807566223,0.002136223089785934,0.0994430444686224
L2_3_IT,adjusted,LINC00866,241.54261003896883,0.49819828519477094,0.3226636704158172,0.0021467225392142898,0.0994430444686224
L2_3_IT,adjusted,BBOX1,99.00138534603109,0.5369841733842948,0.3146022183693256,0.00195460167440127,0.0994430444686224
L2_3_IT,adjusted,NECTIN1-AS1,86.25492120997296,0.6576404895502855,0.5767257138691235,0.0021164408262888666,0.0994430444686224
L2_3_IT,adjusted,PPFIA2-AS1,1204.5896214428665,0.77621376672673,0.6162821089699839,0.0019729753815108855,0.0994430444686224
L2_3_IT,adjusted,AC026367.2,79.36054922124845,0.31833550147095724,0.18091521239907812,0.0020562461844789983,0.0994430444686224
L2_3_IT,adjusted,LINC02825,17.01548993193694,0.7919286632377044,0.5892445959938976,0.0021172421835502957,0.0994430444686224
L2_3_IT,adjusted,AL136038.3,48.31960093655224,0.4853589090874441,0.27646029306823183,0.002146304124761373,0.0994430444686224
L2_3_IT,adjusted,LINC02694,429.8318813901896,0.5013822747469732,0.32833400963653564,0.0020066704994616312,0.0994430444686224
L2_3_IT,adjusted,AC020661.3,186.61868767381463,0.6115884919330236,0.5422653286315632,0.0021378512913388303,0.0994430444686224
L2_3_IT,adjusted,AC023905.1,57.89575473436412,0.5628143139736024,0.33753547993714555,0.0021353122899027657,0.0994430444686224
L2_3_IT,adjusted,AC091544.2,20.936298774144028,0.7482756687468113,0.5252775566497915,0.0020153539595108953,0.0994430444686224
L2_3_IT,adjusted,NLRC3,322.92273297027486,0.34902538334986405,0.20482846335832014,0.00204780325753827,0.0994430444686224
L2_3_IT,adjusted,AC009163.1,61.73290753130767,0.44670406915264277,0.2522861396922447,0.001940307977056681,0.0994430444686224
L2_3_IT,adjusted,AC092120.3,285.7275346465056,0.6416101895206707,0.4408124623665847,0.0019271945489148896,0.0994430444686224
L2_3_IT,adjusted,AP005329.2,39.593209745488544,0.36049796940188267,0.2050553180749784,0.0020198732080669557,0.0994430444686224
L2_3_IT,adjusted,AP005482.1,15.015885796089224,0.3915259079244878,0.2520251784067278,0.0020073348374653904,0.0994430444686224
L2_3_IT,adjusted,AL109838.1,155.1067084979018,0.4895992729223122,0.27488245160010816,0.0020888742581924797,0.0994430444686224
L2_3_IT,adjusted,AL022238.2,305.1292621837887,0.4858051618757256,0.3086231842659735,0.002134711799101426,0.0994430444686224
L2_3_IT,adjusted,SERHL2,332.41312979451294,0.38144865027252745,0.24332663948907785,0.002086461225451514,0.0994430444686224
L4_IT,adjusted,MRVI1,83.19106926340346,0.7734978567201611,0.20631101403197505,3.308417784604917e-6,0.039264302267691155
L4_IT,adjusted,LINC02426,67.04409891931708,1.3965585855404334,0.3522302826178497,2.0443696504257875e-6,0.039264302267691155
L4_IT,adjusted,AC010997.5,12.369706893136453,0.9411254726503195,0.2501904259072238,5.075436189519403e-6,0.04015685113147752
L4_IT,adjusted,LRRC53,168.46720800790294,0.5940049021361997,0.1751412095954337,1.7769351260726993e-5,0.08435466430492318
L4_IT,adjusted,TCF7,188.54030531559377,0.7349963346573674,0.226774245871477,2.175124969910684e-5,0.08604794380966665
L4_IT,adjusted,CYYR1,312.132601814614,0.6626992706796505,0.20828526999536148,2.6281348105379325e-5,0.08911629694704051
L4_IT,adjusted,SPDYA,375.6425231452165,0.3774932770906682,0.11515808299997066,4.264051000871351e-5,0.09889145987038332
L4_IT,adjusted,AC092902.4,330.9158951636637,0.5008415781672528,0.16944996715662114,4.8521967864444e-5,0.09889145987038332
L4_IT,adjusted,HOGA1,55.19146824720396,0.6196430593743153,0.20673989907097043,3.9331989505500344e-5,0.09889145987038332
L4_IT,adjusted,LINC02281,97.56787863520597,0.9842000709808345,0.3202317765084057,4.9995682442054254e-5,0.09889145987038332
L6_CT,adjusted,AC079793.1,82.69955514734221,1.01580381768447,0.23776246261053463,5.591691107827564e-7,0.00921175193103513
L6_CT,adjusted,AP002762.2,35.23424937983055,0.8063412364657101,0.2052767971650947,2.755689258486518e-6,0.022698612422153448
Pvalb,adjusted,RIT2,1197.3140678502468,-0.7222068898724159,0.16192457931478169,6.427547424520112e-7,0.003084258631655976
Pvalb,adjusted,DPP10-AS1,651.2594103141025,0.5335326860854558,0.19628516583099193,1.8696601684145675e-4,0.09968404797930334
Pvalb,adjusted,IL1RAPL2,1109.1299943745594,-0.6942283747544816,0.22824591109232437,1.5425715082975682e-4,0.09968404797930334
Sncg,adjusted,SCUBE2,40.61982187762997,0.5244977052368602,0.14278396230891421,7.735632816572933e-6,0.06353045731563317
Sncg,adjusted,NKAIN1,50.293146547318315,-0.5211455459555189,0.1535576352301048,2.8671964647478555e-5,0.09785024735068244
Sncg,adjusted,LINC00467,8.00641582013272,0.8300199133170407,0.24883832015866392,2.438973459871198e-5,0.09785024735068244
Sst,adjusted,MGST1,28.789858812378288,0.7916319692644698,0.20484456073350693,2.4049475487064252e-06,0.038755729747404044
Sst_Chodl,adjusted,CALD1,53.42107724144726,-0.4175030646007013,0.09710465301629845,8.999409714745515e-7,0.005655229064746081
VLMC,adjusted,VEGFA,11.89905610449335,-1.2392843218647966,0.28226017998952224,6.245077791002311e-7,0.003474761282913686
